[
  {
    "City":"Delhi",
    "PM2.5":119.04,
    "PM10":123.06,
    "NO":29.58,
    "NO2":24.85,
    "NOx":48.51,
    "NH3":23.07,
    "CO":0.87,
    "SO2":10.01,
    "O3":42.37,
    "Benzene":4.49,
    "Toluene":7.97,
    "Xylene":1.59
  },
  {
    "City":"Delhi",
    "PM2.5":112.07,
    "PM10":242.85,
    "NO":27.63,
    "NO2":26.1,
    "NOx":63.24,
    "NH3":14.77,
    "CO":0.64,
    "SO2":9.79,
    "O3":49.22,
    "Benzene":3.71,
    "Toluene":8.57,
    "Xylene":1.58
  },
  {
    "City":"Delhi",
    "PM2.5":115.11,
    "PM10":218.64,
    "NO":39.76,
    "NO2":32.16,
    "NOx":58.79,
    "NH3":11.66,
    "CO":1.73,
    "SO2":14.62,
    "O3":46.91,
    "Benzene":5.69,
    "Toluene":6.76,
    "Xylene":2.79
  },
  {
    "City":"Mumbai",
    "PM2.5":95.41,
    "PM10":161.1,
    "NO":24.15,
    "NO2":39.71,
    "NOx":83.27,
    "NH3":11.4,
    "CO":1.69,
    "SO2":8.53,
    "O3":49.36,
    "Benzene":4.99,
    "Toluene":5.8,
    "Xylene":2.01
  },
  {
    "City":"Mumbai",
    "PM2.5":127.88,
    "PM10":259.6,
    "NO":35.18,
    "NO2":28.09,
    "NOx":52.36,
    "NH3":21.87,
    "CO":0.59,
    "SO2":8.32,
    "O3":35.48,
    "Benzene":5.45,
    "Toluene":7.66,
    "Xylene":1.28
  },
  {
    "City":"Mumbai",
    "PM2.5":199.47,
    "PM10":250.28,
    "NO":23.17,
    "NO2":57.72,
    "NOx":73.74,
    "NH3":24.95,
    "CO":1.88,
    "SO2":11.34,
    "O3":23.51,
    "Benzene":5.7,
    "Toluene":5.61,
    "Xylene":2.19
  },
  {
    "City":"Kolkata",
    "PM2.5":97.42,
    "PM10":127.79,
    "NO":28.6,
    "NO2":52.52,
    "NOx":52.67,
    "NH3":15.55,
    "CO":1.81,
    "SO2":12.63,
    "O3":40.77,
    "Benzene":5.81,
    "Toluene":7.64,
    "Xylene":1.41
  },
  {
    "City":"Kolkata",
    "PM2.5":168.47,
    "PM10":187.31,
    "NO":22.53,
    "NO2":38.96,
    "NOx":77.87,
    "NH3":24.07,
    "CO":1.13,
    "SO2":5.38,
    "O3":28.64,
    "Benzene":3.1,
    "Toluene":5.28,
    "Xylene":1.21
  },
  {
    "City":"Kolkata",
    "PM2.5":187.1,
    "PM10":270.47,
    "NO":18.26,
    "NO2":48.55,
    "NOx":59.02,
    "NH3":23.48,
    "CO":1.74,
    "SO2":7.78,
    "O3":31.86,
    "Benzene":4.71,
    "Toluene":7.88,
    "Xylene":2.1
  },
  {
    "City":"Chennai",
    "PM2.5":167.82,
    "PM10":252.8,
    "NO":14.61,
    "NO2":52.4,
    "NOx":78.83,
    "NH3":28.94,
    "CO":1.13,
    "SO2":6.86,
    "O3":27.85,
    "Benzene":3.16,
    "Toluene":7.84,
    "Xylene":1.97
  },
  {
    "City":"Chennai",
    "PM2.5":110.81,
    "PM10":153.51,
    "NO":25.37,
    "NO2":50.41,
    "NOx":72.13,
    "NH3":29.99,
    "CO":0.86,
    "SO2":10.18,
    "O3":39.29,
    "Benzene":3.91,
    "Toluene":7.76,
    "Xylene":1.84
  },
  {
    "City":"Chennai",
    "PM2.5":181.12,
    "PM10":264.07,
    "NO":22.18,
    "NO2":27.68,
    "NOx":56.08,
    "NH3":14.21,
    "CO":1.21,
    "SO2":12.56,
    "O3":30.94,
    "Benzene":5.37,
    "Toluene":6.92,
    "Xylene":2.53
  },
  {
    "City":"Bengaluru",
    "PM2.5":95.64,
    "PM10":271.69,
    "NO":17.03,
    "NO2":36.86,
    "NOx":54.37,
    "NH3":18.88,
    "CO":0.84,
    "SO2":5.16,
    "O3":42.74,
    "Benzene":5.45,
    "Toluene":7.47,
    "Xylene":2.1
  },
  {
    "City":"Bengaluru",
    "PM2.5":104.21,
    "PM10":283.22,
    "NO":33.53,
    "NO2":38.59,
    "NOx":88.0,
    "NH3":14.48,
    "CO":1.39,
    "SO2":8.5,
    "O3":21.25,
    "Benzene":5.49,
    "Toluene":8.87,
    "Xylene":2.13
  },
  {
    "City":"Bengaluru",
    "PM2.5":178.63,
    "PM10":148.9,
    "NO":24.32,
    "NO2":20.83,
    "NOx":34.87,
    "NH3":15.77,
    "CO":0.92,
    "SO2":11.65,
    "O3":49.41,
    "Benzene":3.19,
    "Toluene":8.03,
    "Xylene":2.48
  },
  {
    "City":"Hyderabad",
    "PM2.5":53.93,
    "PM10":130.27,
    "NO":22.54,
    "NO2":53.4,
    "NOx":85.41,
    "NH3":27.66,
    "CO":1.43,
    "SO2":9.52,
    "O3":27.77,
    "Benzene":5.07,
    "Toluene":7.87,
    "Xylene":1.23
  },
  {
    "City":"Hyderabad",
    "PM2.5":110.55,
    "PM10":167.83,
    "NO":13.85,
    "NO2":34.75,
    "NOx":43.47,
    "NH3":27.41,
    "CO":1.68,
    "SO2":13.6,
    "O3":31.88,
    "Benzene":4.68,
    "Toluene":6.48,
    "Xylene":1.13
  },
  {
    "City":"Hyderabad",
    "PM2.5":132.71,
    "PM10":209.64,
    "NO":14.61,
    "NO2":58.62,
    "NOx":86.83,
    "NH3":18.07,
    "CO":1.0,
    "SO2":9.99,
    "O3":31.56,
    "Benzene":3.03,
    "Toluene":6.16,
    "Xylene":2.58
  },
  {
    "City":"Ahmedabad",
    "PM2.5":186.44,
    "PM10":185.12,
    "NO":39.96,
    "NO2":55.43,
    "NOx":82.44,
    "NH3":16.89,
    "CO":1.33,
    "SO2":12.48,
    "O3":36.84,
    "Benzene":4.22,
    "Toluene":8.15,
    "Xylene":1.7
  },
  {
    "City":"Ahmedabad",
    "PM2.5":164.98,
    "PM10":99.12,
    "NO":12.65,
    "NO2":35.34,
    "NOx":51.9,
    "NH3":21.01,
    "CO":1.07,
    "SO2":10.89,
    "O3":34.99,
    "Benzene":3.92,
    "Toluene":7.2,
    "Xylene":1.34
  },
  {
    "City":"Ahmedabad",
    "PM2.5":134.48,
    "PM10":138.73,
    "NO":25.96,
    "NO2":51.4,
    "NOx":37.12,
    "NH3":28.64,
    "CO":1.07,
    "SO2":12.01,
    "O3":20.63,
    "Benzene":5.11,
    "Toluene":6.03,
    "Xylene":1.58
  },
  {
    "City":"Pune",
    "PM2.5":54.35,
    "PM10":298.22,
    "NO":16.77,
    "NO2":43.76,
    "NOx":40.26,
    "NH3":19.67,
    "CO":1.53,
    "SO2":6.16,
    "O3":40.4,
    "Benzene":3.64,
    "Toluene":8.25,
    "Xylene":2.27
  },
  {
    "City":"Pune",
    "PM2.5":160.02,
    "PM10":273.64,
    "NO":30.9,
    "NO2":27.53,
    "NOx":67.33,
    "NH3":27.01,
    "CO":1.56,
    "SO2":10.53,
    "O3":43.18,
    "Benzene":4.1,
    "Toluene":7.53,
    "Xylene":1.22
  },
  {
    "City":"Pune",
    "PM2.5":188.86,
    "PM10":97.85,
    "NO":31.35,
    "NO2":38.55,
    "NOx":78.33,
    "NH3":24.97,
    "CO":1.67,
    "SO2":13.67,
    "O3":37.13,
    "Benzene":3.63,
    "Toluene":7.2,
    "Xylene":2.25
  },
  {
    "City":"Jaipur",
    "PM2.5":74.55,
    "PM10":136.09,
    "NO":37.78,
    "NO2":28.51,
    "NOx":83.04,
    "NH3":20.6,
    "CO":1.77,
    "SO2":14.58,
    "O3":48.65,
    "Benzene":3.51,
    "Toluene":7.82,
    "Xylene":1.9
  },
  {
    "City":"Jaipur",
    "PM2.5":156.54,
    "PM10":161.73,
    "NO":10.48,
    "NO2":39.06,
    "NOx":73.82,
    "NH3":29.21,
    "CO":1.34,
    "SO2":9.0,
    "O3":45.75,
    "Benzene":4.7,
    "Toluene":7.34,
    "Xylene":2.96
  },
  {
    "City":"Jaipur",
    "PM2.5":125.21,
    "PM10":279.25,
    "NO":15.31,
    "NO2":23.88,
    "NOx":54.19,
    "NH3":27.34,
    "CO":0.98,
    "SO2":6.68,
    "O3":39.55,
    "Benzene":3.7,
    "Toluene":8.08,
    "Xylene":2.55
  },
  {
    "City":"Lucknow",
    "PM2.5":104.84,
    "PM10":110.48,
    "NO":36.94,
    "NO2":21.54,
    "NOx":44.69,
    "NH3":15.55,
    "CO":1.12,
    "SO2":6.21,
    "O3":21.22,
    "Benzene":4.52,
    "Toluene":8.2,
    "Xylene":1.69
  },
  {
    "City":"Lucknow",
    "PM2.5":87.1,
    "PM10":218.4,
    "NO":10.11,
    "NO2":25.86,
    "NOx":83.39,
    "NH3":27.79,
    "CO":1.64,
    "SO2":9.99,
    "O3":40.91,
    "Benzene":3.16,
    "Toluene":7.35,
    "Xylene":1.16
  },
  {
    "City":"Lucknow",
    "PM2.5":178.05,
    "PM10":173.63,
    "NO":27.43,
    "NO2":31.88,
    "NOx":54.17,
    "NH3":13.48,
    "CO":1.27,
    "SO2":11.13,
    "O3":27.5,
    "Benzene":5.28,
    "Toluene":6.54,
    "Xylene":2.36
  },
  {
    "City":"Kanpur",
    "PM2.5":180.01,
    "PM10":267.14,
    "NO":19.0,
    "NO2":45.72,
    "NOx":51.85,
    "NH3":23.06,
    "CO":1.33,
    "SO2":14.98,
    "O3":34.7,
    "Benzene":4.79,
    "Toluene":5.05,
    "Xylene":2.52
  },
  {
    "City":"Kanpur",
    "PM2.5":136.22,
    "PM10":268.47,
    "NO":34.63,
    "NO2":37.92,
    "NOx":36.35,
    "NH3":12.69,
    "CO":1.17,
    "SO2":8.74,
    "O3":27.46,
    "Benzene":5.81,
    "Toluene":7.83,
    "Xylene":1.6
  },
  {
    "City":"Kanpur",
    "PM2.5":120.95,
    "PM10":271.48,
    "NO":34.43,
    "NO2":44.25,
    "NOx":34.95,
    "NH3":11.43,
    "CO":1.27,
    "SO2":10.93,
    "O3":24.36,
    "Benzene":5.13,
    "Toluene":6.58,
    "Xylene":1.46
  },
  {
    "City":"Nagpur",
    "PM2.5":113.71,
    "PM10":288.16,
    "NO":32.87,
    "NO2":59.63,
    "NOx":49.49,
    "NH3":28.18,
    "CO":1.76,
    "SO2":11.71,
    "O3":39.52,
    "Benzene":3.15,
    "Toluene":6.57,
    "Xylene":2.27
  },
  {
    "City":"Nagpur",
    "PM2.5":162.57,
    "PM10":242.54,
    "NO":11.35,
    "NO2":34.65,
    "NOx":37.86,
    "NH3":23.06,
    "CO":0.96,
    "SO2":9.06,
    "O3":27.47,
    "Benzene":5.84,
    "Toluene":6.81,
    "Xylene":2.04
  },
  {
    "City":"Nagpur",
    "PM2.5":51.57,
    "PM10":278.78,
    "NO":15.15,
    "NO2":31.75,
    "NOx":41.81,
    "NH3":24.82,
    "CO":1.72,
    "SO2":7.73,
    "O3":20.44,
    "Benzene":3.9,
    "Toluene":5.93,
    "Xylene":1.25
  },
  {
    "City":"Indore",
    "PM2.5":74.76,
    "PM10":152.31,
    "NO":18.42,
    "NO2":24.5,
    "NOx":41.69,
    "NH3":13.75,
    "CO":0.61,
    "SO2":6.94,
    "O3":37.02,
    "Benzene":3.81,
    "Toluene":6.5,
    "Xylene":2.81
  },
  {
    "City":"Indore",
    "PM2.5":195.21,
    "PM10":144.78,
    "NO":12.58,
    "NO2":36.47,
    "NOx":66.06,
    "NH3":27.44,
    "CO":1.6,
    "SO2":11.0,
    "O3":23.58,
    "Benzene":5.62,
    "Toluene":7.01,
    "Xylene":1.56
  },
  {
    "City":"Indore",
    "PM2.5":147.9,
    "PM10":292.55,
    "NO":37.34,
    "NO2":59.69,
    "NOx":74.69,
    "NH3":23.68,
    "CO":1.07,
    "SO2":7.87,
    "O3":33.62,
    "Benzene":4.8,
    "Toluene":5.85,
    "Xylene":2.43
  },
  {
    "City":"Bhopal",
    "PM2.5":67.17,
    "PM10":182.21,
    "NO":21.74,
    "NO2":29.41,
    "NOx":59.62,
    "NH3":26.98,
    "CO":1.45,
    "SO2":10.88,
    "O3":45.59,
    "Benzene":4.25,
    "Toluene":7.68,
    "Xylene":2.98
  },
  {
    "City":"Bhopal",
    "PM2.5":110.42,
    "PM10":180.52,
    "NO":15.54,
    "NO2":45.76,
    "NOx":82.33,
    "NH3":14.06,
    "CO":1.18,
    "SO2":14.04,
    "O3":48.37,
    "Benzene":3.63,
    "Toluene":8.64,
    "Xylene":2.58
  },
  {
    "City":"Bhopal",
    "PM2.5":162.97,
    "PM10":266.71,
    "NO":12.49,
    "NO2":33.96,
    "NOx":86.12,
    "NH3":24.17,
    "CO":0.81,
    "SO2":7.31,
    "O3":48.35,
    "Benzene":4.77,
    "Toluene":8.84,
    "Xylene":1.72
  },
  {
    "City":"Patna",
    "PM2.5":89.94,
    "PM10":238.45,
    "NO":29.44,
    "NO2":51.75,
    "NOx":40.39,
    "NH3":18.39,
    "CO":1.08,
    "SO2":5.98,
    "O3":46.9,
    "Benzene":4.72,
    "Toluene":6.43,
    "Xylene":1.17
  },
  {
    "City":"Patna",
    "PM2.5":135.87,
    "PM10":285.48,
    "NO":11.37,
    "NO2":54.24,
    "NOx":71.81,
    "NH3":13.28,
    "CO":0.62,
    "SO2":9.63,
    "O3":39.56,
    "Benzene":3.46,
    "Toluene":6.45,
    "Xylene":2.65
  },
  {
    "City":"Patna",
    "PM2.5":130.71,
    "PM10":224.88,
    "NO":38.83,
    "NO2":32.78,
    "NOx":65.65,
    "NH3":11.81,
    "CO":1.11,
    "SO2":7.58,
    "O3":42.75,
    "Benzene":5.03,
    "Toluene":6.32,
    "Xylene":1.64
  }
]