{"Amaravati": {"lat": 16.516, "lon": 80.6327}, "Visakhapatnam": {"lat": 17.6868, "lon": 83.2185}, "Guwahati": {"lat": 26.1445, "lon": 91.7362}, "Patna": {"lat": 25.5941, "lon": 85.1376}, "Chandigarh": {"lat": 30.7333, "lon": 76.7794}, "Delhi": {"lat": 28.7041, "lon": 77.1025}, "Ahmedabad": {"lat": 23.0225, "lon": 72.5714}, "Gurugram": {"lat": 28.4595, "lon": 77.0266}, "Jorapokhar": {"lat": 23.7167, "lon": 86.4}, "Bengaluru": {"lat": 12.9716, "lon": 77.5946}, "Ernakulam": {"lat": 9.9816, "lon": 76.2999}, "Kochi": {"lat": 9.9312, "lon": 76.2673}, "Thiruvananthapuram": {"lat": 8.5241, "lon": 76.9366}, "Mumbai": {"lat": 19.076, "lon": 72.8777}, "Shillong": {"lat": 25.5788, "lon": 91.8933}, "Bhopal": {"lat": 23.2599, "lon": 77.4126}, "Aizawl": {"lat": 23.7271, "lon": 92.7176}, "Brajrajnagar": {"lat": 21.8167, "lon": 83.9167}, "Talcher": {"lat": 20.95, "lon": 85.2333}, "Amritsar": {"lat": 31.634, "lon": 74.8723}, "Jaipur": {"lat": 26.9124, "lon": 75.7873}, "Hyderabad": {"lat": 17.385, "lon": 78.4867}, "Chennai": {"lat": 13.0827, "lon": 80.2707}, "Coimbatore": {"lat": 11.0168, "lon": 76.9558}, "Lucknow": {"lat": 26.8467, "lon": 80.9462}, "Kolkata": {"lat": 22.5726, "lon": 88.3639}}